2026-03-28 03:32:30,Portfolio,4.3,Success
2026-03-28 03:37:36,Reference Guide,17.39,Success
2026-03-28 03:44:55,Reference Guide,4.03,Success
2026-03-28 03:48:41,guide,11.93,Success
2026-03-28 03:54:51,portfolio,12.0,Success
2026-03-28 04:00:06,portfolio,12.04,Success
2026-03-28 04:06:51,portfolio,11.85,Success
2026-03-28 04:07:24,guide,12.58,Success
2026-03-28 12:47:21,portfolio,12.03,Success
2026-03-28 12:47:59,guide,12.19,Success
2026-03-29 02:04:42,portfolio,12.77,Success
2026-03-29 02:05:16,guide,12.16,Success
2026-03-29 12:48:00,portfolio,11.85,Success
2026-03-29 12:48:24,guide,11.93,Success
2026-03-30 02:07:05,portfolio,11.85,Success
2026-03-30 02:07:36,guide,11.97,Success
2026-03-30 13:11:46,portfolio,11.75,Success
2026-03-30 13:12:20,guide,12.5,Success
2026-03-31 02:03:17,portfolio,12.07,Success
2026-03-31 02:03:50,guide,11.78,Success
2026-03-31 13:10:29,portfolio,12.26,Success
2026-03-31 13:11:02,guide,11.87,Success
2026-04-01 02:15:14,portfolio,0,Failed
2026-04-01 02:19:33,guide,0,Failed
2026-04-01 08:11:42,portfolio,12.3,Success
2026-04-01 08:12:18,guide,12.3,Success
2026-04-01 09:14:35,portfolio,12.0,Success
2026-04-01 09:15:07,guide,12.67,Success
2026-04-01 09:27:59,portfolio,12.0,Success
2026-04-01 09:28:27,guide,12.13,Success
2026-04-01 13:24:01,portfolio,11.91,Success
2026-04-01 13:24:36,guide,12.09,Success
2026-04-01 18:55:10,portfolio,11.91,Success
2026-04-01 18:55:43,guide,11.88,Success
2026-04-02 02:55:08,portfolio,12.82,Success
2026-04-02 02:55:42,guide,12.06,Success
2026-04-02 06:56:56,portfolio,11.89,Success
2026-04-02 06:57:46,guide,12.31,Success
2026-04-02 13:15:38,portfolio,12.02,Success
2026-04-02 13:16:03,guide,12.15,Success
2026-04-02 18:51:08,portfolio,11.85,Success
2026-04-02 18:51:43,guide,11.97,Success
2026-04-03 02:57:23,portfolio,12.39,Success
2026-04-03 02:57:57,guide,12.18,Success
2026-04-03 06:53:57,portfolio,12.35,Success
2026-04-03 06:54:32,guide,12.37,Success
2026-04-03 13:05:05,portfolio,12.03,Success
2026-04-03 13:05:39,guide,11.91,Success
2026-04-03 18:39:47,portfolio,12.05,Success
2026-04-03 18:40:19,guide,12.0,Success
2026-04-04 02:48:01,portfolio,12.54,Success
2026-04-04 02:48:31,guide,12.18,Success
2026-04-04 06:43:11,portfolio,12.0,Success
2026-04-04 06:43:42,guide,12.23,Success
2026-04-04 12:57:22,portfolio,11.74,Success
2026-04-04 12:57:47,guide,11.88,Success
2026-04-04 18:35:23,portfolio,12.41,Success
2026-04-04 18:35:59,guide,12.05,Success
2026-04-05 03:25:15,portfolio,12.18,Success
2026-04-05 03:25:57,guide,12.32,Success
2026-04-05 06:50:54,portfolio,12.07,Success
2026-04-05 06:51:27,guide,12.08,Success
2026-04-05 12:58:55,portfolio,12.02,Success
2026-04-05 12:59:28,guide,12.35,Success
2026-04-05 18:36:53,portfolio,13.4,Success
2026-04-05 18:37:27,guide,11.97,Success
2026-04-06 03:28:04,portfolio,11.99,Success
2026-04-06 03:28:38,guide,12.32,Success
2026-04-06 07:14:10,portfolio,12.1,Success
